name,reading,party,chamber,district
逢沢一郎,あいさわいちろう,自由民主党・無所属の会,衆,岡山1
青山繁晴,あおやましげはる,自由民主党・無所属の会,衆,兵庫8
青山周平,あおやましゅうへい,自由民主党・無所属の会,衆,愛知12
赤澤亮正,あかざわりょうせい,自由民主党・無所属の会,衆,鳥取2
あかま二郎,あかまじろう,自由民主党・無所属の会,衆,神奈川14
秋葉賢也,あきばけんや,自由民主党・無所属の会,衆,（比）東北
浅田眞澄美,あさだますみ,自由民主党・無所属の会,衆,（比）九州
東国幹,あずまくによし,自由民主党・無所属の会,衆,北海道6
畦元将吾,あぜもとしょうご,自由民主党・無所属の会,衆,東京6
麻生太郎,あそうたろう,自由民主党・無所属の会,衆,福岡8
あべ俊子,あべとしこ,自由民主党・無所属の会,衆,（比）中国
阿部弘樹,あべひろき,自由民主党・無所属の会,衆,（比）九州
安藤たかお,あんどうたかお,自由民主党・無所属の会,衆,東京28
五十嵐清,いがらしきよし,自由民主党・無所属の会,衆,栃木2
石井拓,いしいたく,自由民主党・無所属の会,衆,愛知13
石川昭政,いしかわあきまさ,自由民主党・無所属の会,衆,（比）北関東
石坂太,いしざかまさる,自由民主党・無所属の会,衆,栃木4
石田真敏,いしだまさとし,自由民主党・無所属の会,衆,（比）近畿
石破茂,いしばしげる,自由民主党・無所属の会,衆,鳥取1
石橋林太郎,いしばしりんたろう,自由民主党・無所属の会,衆,広島3
石原宏高,いしはらひろたか,自由民主党・無所属の会,衆,東京3
石原正敬,いしはらまさたか,自由民主党・無所属の会,衆,三重3
井出庸生,いでようせい,自由民主党・無所属の会,衆,長野3
伊藤聡,いとうさとし,自由民主党・無所属の会,衆,（比）南関東
伊藤信太郎,いとうしんたろう,自由民主党・無所属の会,衆,（比）東北
伊藤忠彦,いとうただひこ,自由民主党・無所属の会,衆,愛知8
伊藤達也,いとうたつや,自由民主党・無所属の会,衆,東京22
伊東良孝,いとうよしたか,自由民主党・無所属の会,衆,（比）北海道
稲田朋美,いなだともみ,自由民主党・無所属の会,衆,福井1
稲葉大輔,いなばだいすけ,自由民主党・無所属の会,衆,静岡8
井野俊郎,いのとしろう,自由民主党・無所属の会,衆,群馬2
井上信治,いのうえしんじ,自由民主党・無所属の会,衆,東京25
井上貴博,いのうえたかひろ,自由民主党・無所属の会,衆,福岡1
井林辰憲,いばやしたつのり,自由民主党・無所属の会,衆,静岡2
井原巧,いはらたくみ,自由民主党・無所属の会,衆,愛媛2
井原隆,いはらゆたか,自由民主党・無所属の会,衆,埼玉5
今枝宗一郎,いまえだそういちろう,自由民主党・無所属の会,衆,愛知14
今岡植,いまおかうえき,自由民主党・無所属の会,衆,東京26
岩崎比菜,いわさきひな,自由民主党・無所属の会,衆,（比）南関東
岩田和親,いわたかずちか,自由民主党・無所属の会,衆,佐賀1
岩屋毅,いわやたけし,自由民主党・無所属の会,衆,大分3
上杉謙太郎,うえすぎけんたろう,自由民主党・無所属の会,衆,福島3
上田英俊,うえだえいしゅん,自由民主党・無所属の会,衆,富山2
上野賢一郎,うえのけんいちろう,自由民主党・無所属の会,衆,滋賀2
上野宏史,うえのひろし,自由民主党・無所属の会,衆,（比）九州
上原正裕,うえはらまさひろ,自由民主党・無所属の会,衆,神奈川9
内山こう,うちやまこう,自由民主党・無所属の会,衆,新潟1
江渡聡徳,えとあきのり,自由民主党・無所属の会,衆,（比）東北
江藤拓,えとうたく,自由民主党・無所属の会,衆,（比）九州
衛藤博昭,えとうひろあき,自由民主党・無所属の会,衆,大分1
英利アルフィヤ,えりあるふぃや,自由民主党・無所属の会,衆,千葉5
遠藤寛明,えんどうひろあき,自由民主党・無所属の会,衆,山形1
大岡敏孝,おおおかとしたか,自由民主党・無所属の会,衆,滋賀1
大串正樹,おおぐしまさき,自由民主党・無所属の会,衆,兵庫6
大空幸星,おおぞらこうき,自由民主党・無所属の会,衆,東京15
大塚拓,おおつかたく,自由民主党・無所属の会,衆,埼玉9
大西洋平,おおにしようへい,自由民主党・無所属の会,衆,東京16
大野敬太郎,おおのけいたろう,自由民主党・無所属の会,衆,香川3
岡本康宏,おかもとやすひろ,自由民主党・無所属の会,衆,愛知5
尾崎正直,おざきまさなお,自由民主党・無所属の会,衆,高知2
長田紘一郎,おさだこういちろう,自由民主党・無所属の会,衆,（比）東海
小里泰弘,おざとやすひろ,自由民主党・無所属の会,衆,（比）九州
小田原潔,おだわらきよし,自由民主党・無所属の会,衆,東京21
鬼木誠,おにきまこと,自由民主党・無所属の会,衆,福岡2
小野寺五典,おのでらいつのり,自由民主党・無所属の会,衆,宮城5
尾花瑛仁,おばなあきひと,自由民主党・無所属の会,衆,埼玉6
小渕優子,おぶちゆうこ,自由民主党・無所属の会,衆,群馬5
尾身朝子,おみあさこ,自由民主党・無所属の会,衆,（比）北関東
鹿嶋祐介,かしまゆうすけ,自由民主党・無所属の会,衆,千葉4
梶山弘志,かじやまひろし,自由民主党・無所属の会,衆,茨城4
勝俣孝明,かつまたたかあき,自由民主党・無所属の会,衆,静岡6
勝目康,かつめやすし,自由民主党・無所属の会,衆,京都1
門寛子,かどひろこ,自由民主党・無所属の会,衆,東京8
加藤鮎子,かとうあゆこ,自由民主党・無所属の会,衆,山形3
加藤勝信,かとうかつのぶ,自由民主党・無所属の会,衆,岡山3
加藤貴弘,かとうたかひろ,自由民主党・無所属の会,衆,北海道1
加藤大博,かとうともひろ,自由民主党・無所属の会,衆,岐阜4
加藤竜祥,かとうりゅうしょう,自由民主党・無所属の会,衆,長崎2
門山宏哲,かどやまひろあき,自由民主党・無所属の会,衆,千葉1
金澤結衣,かなざわゆい,自由民主党・無所属の会,衆,神奈川20
金子恭之,かねこやすし,自由民主党・無所属の会,衆,熊本4
金子容三,かねこようぞう,自由民主党・無所属の会,衆,長崎3
上川陽子,かみかわようこ,自由民主党・無所属の会,衆,静岡1
川崎ひでと,かわさきひでと,自由民主党・無所属の会,衆,三重2
河野正美,かわのまさみ,自由民主党・無所属の会,衆,（比）九州
川松真一朗,かわまつしんいちろう,自由民主党・無所属の会,衆,東京23
菅家一郎,かんけいちろう,自由民主党・無所属の会,衆,（比）東北
神田潤一,かんだじゅんいち,自由民主党・無所属の会,衆,青森2
城内実,きうちみのる,自由民主党・無所属の会,衆,静岡7
黄川田仁志,きかわだひとし,自由民主党・無所属の会,衆,埼玉3
岸信千世,きしのぶちよ,自由民主党・無所属の会,衆,山口2
岸田文雄,きしだふみお,自由民主党・無所属の会,衆,広島1
北神圭朗,きたがみけいろう,自由民主党・無所属の会,衆,京都4
木原誠二,きはらせいじ,自由民主党・無所属の会,衆,東京20
木原稔,きはらみのる,自由民主党・無所属の会,衆,熊本1
木村次郎,きむらじろう,自由民主党・無所属の会,衆,青森3
草間剛,くさまつよし,自由民主党・無所属の会,衆,神奈川19
工藤彰三,くどうしょうぞう,自由民主党・無所属の会,衆,愛知4
国定勇人,くにさだいさと,自由民主党・無所属の会,衆,新潟2
国光あやの,くにみつあやの,自由民主党・無所属の会,衆,茨城6
熊田裕通,くまだひろみち,自由民主党・無所属の会,衆,（比）東海
栗原渉,くりはらわたる,自由民主党・無所属の会,衆,福岡5
黒崎祐一,くろさきゆういち,自由民主党・無所属の会,衆,東京27
小池正昭,こいけまさあき,自由民主党・無所属の会,衆,千葉10
小泉進次郎,こいずみしんじろう,自由民主党・無所属の会,衆,神奈川11
小泉龍司,こいずみりゅうじ,自由民主党・無所属の会,衆,埼玉11
河野太郎,こうのたろう,自由民主党・無所属の会,衆,神奈川15
高村正大,こうむらまさひろ,自由民主党・無所属の会,衆,山口1
こうらい啓一郎,こうらいけいいちろう,自由民主党・無所属の会,衆,（比）近畿
古賀篤,こがあつし,自由民主党・無所属の会,衆,福岡3
國場幸之助,こくばこうのすけ,自由民主党・無所属の会,衆,沖縄1
小寺裕雄,こてらひろお,自由民主党・無所属の会,衆,（比）近畿
後藤茂之,ごとうしげゆき,自由民主党・無所属の会,衆,長野4
小林茂樹,こばやししげき,自由民主党・無所属の会,衆,奈良1
小林鷹之,こばやしたかゆき,自由民主党・無所属の会,衆,千葉2
小林史明,こばやしふみあき,自由民主党・無所属の会,衆,広島6
小森卓郎,こもりたくお,自由民主党・無所属の会,衆,石川1
今洋佑,こんようすけ,自由民主党・無所属の会,衆,（比）北陸信越
斉木武志,さいきたけし,自由民主党・無所属の会,衆,福井2
西條昌良,さいじょうまさよし,自由民主党・無所属の会,衆,（比）北関東
齋藤健,さいとうけん,自由民主党・無所属の会,衆,千葉7
斎藤洋明,さいとうひろあき,自由民主党・無所属の会,衆,新潟3
斉藤りえ,さいとうりえ,自由民主党・無所属の会,衆,（比）東海
坂井学,さかいまなぶ,自由民主党・無所属の会,衆,神奈川5
坂本哲志,さかもとてつし,自由民主党・無所属の会,衆,熊本3
坂本竜太郎,さかもとりゅうたろう,自由民主党・無所属の会,衆,福島4
笹川博義,ささがわひろよし,自由民主党・無所属の会,衆,群馬3
佐々木紀,ささきはじめ,自由民主党・無所属の会,衆,石川2
佐藤主迪,さとうまさし,自由民主党・無所属の会,衆,神奈川16
塩崎彰久,しおざきあきひさ,自由民主党・無所属の会,衆,愛媛1
繁本護,しげもとまもる,自由民主党・無所属の会,衆,（比）近畿
柴山昌彦,しばやままさひこ,自由民主党・無所属の会,衆,埼玉8
島尻安伊子,しまじりあいこ,自由民主党・無所属の会,衆,沖縄3
島田智明,しまだともあき,自由民主党・無所属の会,衆,（比）近畿
下村博文,しもむらはくぶん,自由民主党・無所属の会,衆,東京11
白坂亜紀,しらさかあき,自由民主党・無所属の会,衆,（比）九州
新谷正義,しんたにまさよし,自由民主党・無所属の会,衆,広島4
新藤義孝,しんどうよしたか,自由民主党・無所属の会,衆,埼玉2
菅原一秀,すがわらいっしゅう,自由民主党・無所属の会,衆,東京9
鈴木英敬,すずきえいけい,自由民主党・無所属の会,衆,三重4
鈴木馨祐,すずきけいすけ,自由民主党・無所属の会,衆,神奈川7
鈴木俊一,すずきしゅんいち,自由民主党・無所属の会,衆,岩手2
鈴木淳司,すずきじゅんじ,自由民主党・無所属の会,衆,（比）東海
鈴木貴子,すずきたかこ,自由民主党・無所属の会,衆,北海道7
鈴木拓海,すずきたくみ,自由民主党・無所属の会,衆,（比）北関東
鈴木憲和,すずきのりかず,自由民主党・無所属の会,衆,山形2
鈴木隼人,すずきはやと,自由民主党・無所属の会,衆,東京10
関芳弘,せきよしひろ,自由民主党・無所属の会,衆,兵庫3
世古万美子,せこまみこ,自由民主党・無所属の会,衆,（比）東海
世耕弘成,せこうひろしげ,自由民主党・無所属の会,衆,和歌山2
瀬戸隆一,せとたかかず,自由民主党・無所属の会,衆,（比）四国
園崎弘道,そのさきひろみち,自由民主党・無所属の会,衆,京都6
平将明,たいらまさあき,自由民主党・無所属の会,衆,東京4
高市早苗,たかいちさなえ,自由民主党・無所属の会,衆,奈良2
高階恵美子,たかがいえみこ,自由民主党・無所属の会,衆,島根1
高木啓,たかぎけい,自由民主党・無所属の会,衆,東京12
高木宏壽,たかぎひろひさ,自由民主党・無所属の会,衆,北海道3
高鳥修一,たかとりしゅういち,自由民主党・無所属の会,衆,新潟5
高橋祐介,たかはしゆうすけ,自由民主党・無所属の会,衆,北海道2
高見康裕,たかみやすひろ,自由民主党・無所属の会,衆,島根2
武井俊輔,たけいしゅんすけ,自由民主党・無所属の会,衆,（比）九州
武田良太,たけだりょうた,自由民主党・無所属の会,衆,福岡11
武部新,たけべあらた,自由民主党・無所属の会,衆,北海道12
武村展英,たけむらのぶひで,自由民主党・無所属の会,衆,滋賀3
橘慶一郎,たちばなけいいちろう,自由民主党・無所属の会,衆,富山3
田所嘉徳,たどころよしのり,自由民主党・無所属の会,衆,茨城1
田中和徳,たなかかずのり,自由民主党・無所属の会,衆,神奈川10
田中昌史,たなかまさし,自由民主党・無所属の会,衆,（比）東京
田中良生,たなかりょうせい,自由民主党・無所属の会,衆,埼玉15
棚橋泰文,たなはしやすふみ,自由民主党・無所属の会,衆,岐阜2
谷公一,たにこういち,自由民主党・無所属の会,衆,兵庫5
谷川とむ,たにがわとむ,自由民主党・無所属の会,衆,大阪19
田野瀬太道,たのせたいどう,自由民主党・無所属の会,衆,奈良3
田畑裕明,たばたひろあき,自由民主党・無所属の会,衆,（比）北陸信越
田宮寿人,たみやひさと,自由民主党・無所属の会,衆,千葉9
田村憲久,たむらのりひさ,自由民主党・無所属の会,衆,三重1
俵田祐児,たわらだゆうじ,自由民主党・無所属の会,衆,（比）中国
辻清人,つじきよと,自由民主党・無所属の会,衆,東京2
辻秀樹,つじひでき,自由民主党・無所属の会,衆,（比）東海
辻由布子,つじゆうこ,自由民主党・無所属の会,衆,（比）東京
津島淳,つしまじゅん,自由民主党・無所属の会,衆,青森1
土田慎,つちだしん,自由民主党・無所属の会,衆,東京13
土屋品子,つちやしなこ,自由民主党・無所属の会,衆,埼玉16
寺田稔,てらだみのる,自由民主党・無所属の会,衆,（比）中国
土井亨,どいとおる,自由民主党・無所属の会,衆,宮城1
渡海紀三朗,とかいきさぶろう,自由民主党・無所属の会,衆,兵庫10
冨樫博之,とがしひろゆき,自由民主党・無所属の会,衆,秋田1
とかしきなおみ,とかしきなおみ,自由民主党・無所属の会,衆,（比）近畿
永岡桂子,ながおかけいこ,自由民主党・無所属の会,衆,（比）北関東
中川こういち,なかがわこういち,自由民主党・無所属の会,衆,北海道11
中川貴元,なかがわたかもと,自由民主党・無所属の会,衆,（比）東海
長坂康正,ながさかやすまさ,自由民主党・無所属の会,衆,愛知9
長澤興祐,ながさわこうすけ,自由民主党・無所属の会,衆,東京29
長島昭久,ながしまあきひさ,自由民主党・無所属の会,衆,東京30
中曽根康隆,なかそねやすたか,自由民主党・無所属の会,衆,群馬1
中田宏,なかだひろし,自由民主党・無所属の会,衆,富山1
永田磨梨奈,ながたまりな,自由民主党・無所属の会,衆,神奈川4
中谷元,なかたにげん,自由民主党・無所属の会,衆,高知1
中谷真一,なかたにしんいち,自由民主党・無所属の会,衆,山梨1
中西健治,なかにしけんじ,自由民主党・無所属の会,衆,神奈川3
中根一幸,なかねかずゆき,自由民主党・無所属の会,衆,（比）北関東
中野英幸,なかのひでゆき,自由民主党・無所属の会,衆,埼玉7
長野春信,ながのはるのぶ,自由民主党・無所属の会,衆,（比）南関東
中村裕之,なかむらひろゆき,自由民主党・無所属の会,衆,北海道4
中山展宏,なかやまのりひろ,自由民主党・無所属の会,衆,（比）四国
中山泰秀,なかやまやすひで,自由民主党・無所属の会,衆,（比）近畿
仁木博文,にきひろぶみ,自由民主党・無所属の会,衆,徳島1
西田昭二,にしだしょうじ,自由民主党・無所属の会,衆,石川3
西野太亮,にしのだいすけ,自由民主党・無所属の会,衆,熊本2
西村明宏,にしむらあきひろ,自由民主党・無所属の会,衆,宮城3
西村康稔,にしむらやすとし,自由民主党・無所属の会,衆,兵庫9
西銘恒三郎,にしめこうさぶろう,自由民主党・無所属の会,衆,沖縄4
西山尚利,にしやまなおとし,自由民主党・無所属の会,衆,福島1
新田章文,にったしょうぶん,自由民主党・無所属の会,衆,神奈川2
丹羽秀樹,にわひでき,自由民主党・無所属の会,衆,愛知6
額賀福志郎,ぬかがふくしろう,自由民主党・無所属の会,衆,茨城2
根本拓,ねもとたく,自由民主党・無所属の会,衆,福島2
根本幸典,ねもとゆきのり,自由民主党・無所属の会,衆,愛知15
野田聖子,のだせいこ,自由民主党・無所属の会,衆,岐阜1
野中厚,のなかあつし,自由民主党・無所属の会,衆,埼玉12
萩生田光一,はぎうだこういち,自由民主党・無所属の会,衆,東京24
橋本岳,はしもとがく,自由民主党・無所属の会,衆,岡山4
長谷川淳二,はせがわじゅんじ,自由民主党・無所属の会,衆,愛媛3
鳩山二郎,はとやまじろう,自由民主党・無所属の会,衆,福岡6
葉梨康弘,はなしやすひろ,自由民主党・無所属の会,衆,茨城3
浜田靖一,はまだやすかず,自由民主党・無所属の会,衆,千葉12
林芳正,はやしよしまさ,自由民主党・無所属の会,衆,山口3
東田淳平,ひがしだじゅんぺい,自由民主党・無所属の会,衆,（比）近畿
平井卓也,ひらいたくや,自由民主党・無所属の会,衆,（比）四国
平口洋,ひらぐちひろし,自由民主党・無所属の会,衆,広島2
平沢勝栄,ひらさわかつえい,自由民主党・無所属の会,衆,東京17
平沼正二郎,ひらぬましょうじろう,自由民主党・無所属の会,衆,（比）中国
広瀬建,ひろせけん,自由民主党・無所属の会,衆,大分2
深澤陽一,ふかざわよういち,自由民主党・無所属の会,衆,静岡4
福田かおる,ふくだかおる,自由民主党・無所属の会,衆,東京18
福田達夫,ふくだたつお,自由民主党・無所属の会,衆,群馬4
福原淳嗣,ふくはらじゅんじ,自由民主党・無所属の会,衆,秋田2
藤井比早之,ふじいひさゆき,自由民主党・無所属の会,衆,兵庫4
藤沢忠盛,ふじさわただもり,自由民主党・無所属の会,衆,（比）東海
藤田ひかる,ふじたひかる,自由民主党・無所属の会,衆,長野2
藤田誠,ふじたまこと,自由民主党・無所属の会,衆,埼玉14
藤田洋司,ふじたようじ,自由民主党・無所属の会,衆,（比）近畿
藤丸敏,ふじまるさとし,自由民主党・無所属の会,衆,福岡7
藤原崇,ふじわらたかし,自由民主党・無所属の会,衆,岩手3
文月涼,ふづきりょう,自由民主党・無所属の会,衆,（比）南関東
船田元,ふなだはじめ,自由民主党・無所属の会,衆,栃木1
古井康介,ふるいこうすけ,自由民主党・無所属の会,衆,（比）北陸信越
古川直季,ふるかわなおき,自由民主党・無所属の会,衆,神奈川6
古川康,ふるかわやすし,自由民主党・無所属の会,衆,佐賀2
古川禎久,ふるかわよしひさ,自由民主党・無所属の会,衆,宮崎3
古屋圭司,ふるやけいじ,自由民主党・無所属の会,衆,岐阜5
穂坂泰,ほさかやすし,自由民主党・無所属の会,衆,埼玉4
星野剛士,ほしのつよし,自由民主党・無所属の会,衆,神奈川12
細田健一,ほそだけんいち,自由民主党・無所属の会,衆,（比）東海
細野豪志,ほそのごうし,自由民主党・無所属の会,衆,静岡5
堀内詔子,ほりうちのりこ,自由民主党・無所属の会,衆,山梨2
本田太郎,ほんだたろう,自由民主党・無所属の会,衆,京都5
前川恵,まえかわめぐみ,自由民主党・無所属の会,衆,（比）北関東
牧島かれん,まきしまかれん,自由民主党・無所属の会,衆,神奈川17
松下英樹,まつしたひでき,自由民主党・無所属の会,衆,北海道9
松島みどり,まつしまみどり,自由民主党・無所属の会,衆,東京14
松野博一,まつのひろかず,自由民主党・無所属の会,衆,千葉3
松本泉,まつもといずみ,自由民主党・無所属の会,衆,千葉8
松本尚,まつもとひさし,自由民主党・無所属の会,衆,千葉13
松本洋平,まつもとようへい,自由民主党・無所属の会,衆,東京19
丸尾なつ子,まるおなつこ,自由民主党・無所属の会,衆,神奈川1
丸川珠代,まるかわたまよ,自由民主党・無所属の会,衆,東京7
丸田康一郎,まるたこういちろう,自由民主党・無所属の会,衆,神奈川13
水野よしひこ,みずのよしひこ,自由民主党・無所属の会,衆,愛知3
三反園訓,みたぞのさとし,自由民主党・無所属の会,衆,鹿児島2
三谷英弘,みたにひでひろ,自由民主党・無所属の会,衆,神奈川8
三ッ林裕巳,みつばやしひろみ,自由民主党・無所属の会,衆,埼玉13
御法川信英,みのりかわのぶひで,自由民主党・無所属の会,衆,（比）東北
三原朝利,みはらあさと,自由民主党・無所属の会,衆,（比）九州
宮内秀樹,みやうちひでき,自由民主党・無所属の会,衆,福岡4
宮崎政久,みやざきまさひさ,自由民主党・無所属の会,衆,沖縄2
宮路拓馬,みやじたくま,自由民主党・無所属の会,衆,鹿児島1
宮下一郎,みやしたいちろう,自由民主党・無所属の会,衆,長野5
向山淳,むこうやまじゅん,自由民主党・無所属の会,衆,北海道8
武藤容治,むとうようじ,自由民主党・無所属の会,衆,岐阜3
宗清皇一,むねきよこういち,自由民主党・無所属の会,衆,（比）近畿
村井英樹,むらいひでき,自由民主党・無所属の会,衆,埼玉1
村上誠一郎,むらかみせいいちろう,自由民主党・無所属の会,衆,（比）四国
村木汀,むらきなぎさ,自由民主党・無所属の会,衆,（比）北海道
茂木敏充,もてぎとしみつ,自由民主党・無所属の会,衆,栃木5
森下千里,もりしたちさと,自由民主党・無所属の会,衆,宮城4
森原紀代子,もりはらきよこ,自由民主党・無所属の会,衆,（比）東京
森山裕,もりやまひろし,自由民主党・無所属の会,衆,鹿児島4
盛山正仁,もりやままさひと,自由民主党・無所属の会,衆,兵庫1
保岡宏武,やすおかひろたけ,自由民主党・無所属の会,衆,（比）九州
簗和生,やなかずお,自由民主党・無所属の会,衆,（比）北関東
山際大志郎,やまぎわだいしろう,自由民主党・無所属の会,衆,神奈川18
山口俊一,やまぐちしゅんいち,自由民主党・無所属の会,衆,徳島2
山口晋,やまぐちすすむ,自由民主党・無所属の会,衆,埼玉10
山口壯,やまぐちつよし,自由民主党・無所属の会,衆,兵庫12
山下史守朗,やましたしずお,自由民主党・無所属の会,衆,愛知16
山下貴司,やましたたかし,自由民主党・無所属の会,衆,岡山2
山田賢司,やまだけんじ,自由民主党・無所属の会,衆,兵庫7
山田美樹,やまだみき,自由民主党・無所属の会,衆,東京1
山田基靖,やまだもとやす,自由民主党・無所属の会,衆,兵庫11
山本左近,やまもとさこん,自由民主党・無所属の会,衆,（比）東海
山本深,やまもとしん,自由民主党・無所属の会,衆,広島5
山本大地,やまもとだいち,自由民主党・無所属の会,衆,和歌山1
山本裕三,やまもとゆうぞう,自由民主党・無所属の会,衆,静岡3
吉田真次,よしだしんじ,自由民主党・無所属の会,衆,（比）中国
吉田有理,よしだゆうり,自由民主党・無所属の会,衆,（比）北海道
吉村悠,よしむらはるか,自由民主党・無所属の会,衆,福岡10
米内紘正,よないひろまさ,自由民主党・無所属の会,衆,（比）東北
若林健太,わかばやしけんた,自由民主党・無所属の会,衆,長野1
若宮健嗣,わかみやけんじ,自由民主党・無所属の会,衆,東京5
若山慎司,わかやましんじ,自由民主党・無所属の会,衆,愛知10
鷲尾英一郎,わしおえいいちろう,自由民主党・無所属の会,衆,新潟4
和田義明,わだよしあき,自由民主党・無所属の会,衆,北海道5
渡辺勝幸,わたなべかつゆき,自由民主党・無所属の会,衆,宮城2
渡辺孝一,わたなべこういち,自由民主党・無所属の会,衆,（比）北海道
渡辺博道,わたなべひろみち,自由民主党・無所属の会,衆,千葉6
赤羽一嘉,あかばかずよし,中道改革連合・無所属,衆,（比）近畿
有田芳生,ありたよしふ,中道改革連合・無所属,衆,（比）東北
伊佐進一,いさしんいち,中道改革連合・無所属,衆,（比）近畿
泉健太,いずみけんた,中道改革連合・無所属,衆,京都3
犬飼明佳,いぬかいあきよし,中道改革連合・無所属,衆,（比）東海
浮島智子,うきしまともこ,中道改革連合・無所属,衆,（比）北海道
大島敦,おおしまあつし,中道改革連合・無所属,衆,（比）北関東
大森江里子,おおもりえりこ,中道改革連合・無所属,衆,（比）東京
岡本三成,おかもとみつなり,中道改革連合・無所属,衆,（比）東京
小川淳也,おがわじゅんや,中道改革連合・無所属,衆,香川1
落合貴之,おちあいたかゆき,中道改革連合・無所属,衆,（比）東京
河西宏一,かさいこういち,中道改革連合・無所属,衆,（比）東京
金子恵美,かねこえみ,中道改革連合・無所属,衆,（比）東北
神谷裕,かみやひろし,中道改革連合・無所属,衆,北海道10
河野義博,かわのよしひろ,中道改革連合・無所属,衆,（比）九州
菊田真紀子,きくたまきこ,中道改革連合・無所属,衆,（比）北陸信越
金城泰邦,きんじょうやすくに,中道改革連合・無所属,衆,（比）九州
國重徹,くにしげとおる,中道改革連合・無所属,衆,（比）近畿
輿水恵一,こしみずけいいち,中道改革連合・無所属,衆,（比）北関東
後藤祐一,ごとうゆういち,中道改革連合・無所属,衆,（比）南関東
近藤和也,こんどうかずや,中道改革連合・無所属,衆,（比）北陸信越
斉藤鉄夫,さいとうてつお,中道改革連合・無所属,衆,（比）中国
佐藤英道,さとうひでみち,中道改革連合・無所属,衆,（比）北海道
重徳和彦,しげとくかずひこ,中道改革連合・無所属,衆,（比）東海
階猛,しなたけし,中道改革連合・無所属,衆,岩手1
庄子賢一,しょうじけんいち,中道改革連合・無所属,衆,（比）東北
田嶋要,たじまかなめ,中道改革連合・無所属,衆,（比）南関東
角田秀穂,つのだひでお,中道改革連合・無所属,衆,（比）南関東
中川宏昌,なかがわひろまさ,中道改革連合・無所属,衆,（比）北陸信越
中川康洋,なかがわやすひろ,中道改革連合・無所属,衆,（比）東海
長妻昭,ながつまあきら,中道改革連合・無所属,衆,（比）東京
中野洋昌,なかのひろまさ,中道改革連合・無所属,衆,（比）近畿
西園勝秀,にしぞのかつひで,中道改革連合・無所属,衆,（比）東海
西村智奈美,にしむらちなみ,中道改革連合・無所属,衆,（比）北陸信越
沼崎満子,ぬまざきみつこ,中道改革連合・無所属,衆,（比）南関東
野田佳彦,のだよしひこ,中道改革連合・無所属,衆,千葉14
野間健,のまたけし,中道改革連合・無所属,衆,鹿児島3
浜地雅一,はまちまさかず,中道改革連合・無所属,衆,（比）九州
原田直樹,はらだなおき,中道改革連合・無所属,衆,（比）南関東
平林晃,ひらばやしあきら,中道改革連合・無所属,衆,（比）中国
福重隆浩,ふくしげたかひろ,中道改革連合・無所属,衆,（比）北関東
山岡達丸,やまおかたつまる,中道改革連合・無所属,衆,（比）北海道
山崎正恭,やまさきまさやす,中道改革連合・無所属,衆,（比）四国
山本香苗,やまもとかなえ,中道改革連合・無所属,衆,（比）近畿
吉田宣弘,よしだのぶひろ,中道改革連合・無所属,衆,（比）九州
笠浩史,りゅうひろふみ,中道改革連合・無所属,衆,（比）南関東
早稲田ゆき,わせだゆき,中道改革連合・無所属,衆,（比）南関東
渡辺創,わたなべそう,中道改革連合・無所属,衆,宮崎1
青柳仁士,あおやぎひとし,日本維新の会,衆,大阪14
東徹,あずまとおる,日本維新の会,衆,大阪3
阿部圭史,あべけいし,日本維新の会,衆,兵庫2
阿部司,あべつかさ,日本維新の会,衆,（比）東京
池下卓,いけしたたく,日本維新の会,衆,大阪10
池畑浩太朗,いけはたこうたろう,日本維新の会,衆,（比）近畿
一谷勇一郎,いちたにゆういちろう,日本維新の会,衆,（比）近畿
市村浩一郎,いちむらこういちろう,日本維新の会,衆,（比）近畿
伊東信久,いとうのぶひさ,日本維新の会,衆,（比）近畿
井上英孝,いのうえひでたか,日本維新の会,衆,大阪1
岩谷良平,いわたにりょうへい,日本維新の会,衆,大阪13
梅村聡,うめむらさとし,日本維新の会,衆,大阪5
浦野靖人,うらのやすと,日本維新の会,衆,大阪15
うるま譲司,うるまじょうじ,日本維新の会,衆,大阪8
遠藤敬,えんどうたかし,日本維新の会,衆,大阪18
奥下剛光,おくしたたけみつ,日本維新の会,衆,大阪7
柏倉祐司,かしわくらゆうじ,日本維新の会,衆,（比）北関東
金村龍那,かねむらりゅうな,日本維新の会,衆,（比）南関東
喜多義典,きたよしのり,日本維新の会,衆,（比）中国
黒田征樹,くろだまさき,日本維新の会,衆,大阪16
斎藤アレックス,さいとうあれっくす,日本維新の会,衆,（比）近畿
住吉寛紀,すみよしひろき,日本維新の会,衆,（比）近畿
関健一郎,せきけんいちろう,日本維新の会,衆,（比）東海
高見亮,たかみりょう,日本維新の会,衆,大阪2
中司宏,なかつかひろし,日本維新の会,衆,大阪11
西田薫,にしだかおる,日本維新の会,衆,大阪6
萩原佳,はぎはらけい,日本維新の会,衆,大阪9
馬場伸幸,ばばのぶゆき,日本維新の会,衆,大阪17
原山大亮,はらやまだいすけ,日本維新の会,衆,（比）近畿
藤田文武,ふじたふみたけ,日本維新の会,衆,大阪12
前原誠司,まえはらせいじ,日本維新の会,衆,京都2
三木圭恵,みきけえ,日本維新の会,衆,（比）近畿
美延映夫,みのべてるお,日本維新の会,衆,大阪4
村上智信,むらかみとものぶ,日本維新の会,衆,（比）九州
横田光弘,よこたみつひろ,日本維新の会,衆,（比）南関東
若狹清史,わかさきよし,日本維新の会,衆,（比）北陸信越
浅野哲,あさのさとし,国民民主党・無所属クラブ,衆,茨城5
飯泉嘉門,いいずみかもん,国民民主党・無所属クラブ,衆,（比）四国
井戸まさえ,いどまさえ,国民民主党・無所属クラブ,衆,（比）東京
臼木秀剛,うすきひでたけ,国民民主党・無所属クラブ,衆,（比）北海道
岡野純子,おかのじゅんこ,国民民主党・無所属クラブ,衆,（比）南関東
小竹凱,おだけかい,国民民主党・無所属クラブ,衆,（比）北陸信越
河井昭成,かわいあきなり,国民民主党・無所属クラブ,衆,（比）近畿
許斐亮太郎,このみりょうたろう,国民民主党・無所属クラブ,衆,（比）九州
近藤雅彦,こんどうまさひこ,国民民主党・無所属クラブ,衆,（比）九州
佐々木真琴,ささきまこと,国民民主党・無所属クラブ,衆,（比）東北
鈴木義弘,すずきよしひろ,国民民主党・無所属クラブ,衆,（比）北関東
高沢一基,たかざわかずもと,国民民主党・無所属クラブ,衆,（比）東京
田中健,たなかけん,国民民主党・無所属クラブ,衆,（比）東海
玉木雄一郎,たまきゆういちろう,国民民主党・無所属クラブ,衆,香川2
丹野みどり,たんのみどり,国民民主党・無所属クラブ,衆,愛知11
長友慎治,ながともしんじ,国民民主党・無所属クラブ,衆,宮崎2
鍋島勢理,なべしませり,国民民主党・無所属クラブ,衆,（比）中国
西岡秀子,にしおかひでこ,国民民主党・無所属クラブ,衆,長崎1
西岡義高,にしおかよしたか,国民民主党・無所属クラブ,衆,（比）南関東
野村美穂,のむらみほ,国民民主党・無所属クラブ,衆,（比）東海
橋本幹彦,はしもとみきひこ,国民民主党・無所属クラブ,衆,（比）北関東
日野紗里亜,ひのさりあ,国民民主党・無所属クラブ,衆,愛知7
深作ヘスス,ふかさくへすす,国民民主党・無所属クラブ,衆,（比）南関東
福田徹,ふくたとおる,国民民主党・無所属クラブ,衆,（比）東海
古川元久,ふるかわもとひさ,国民民主党・無所属クラブ,衆,愛知2
向山好一,むこやまこういち,国民民主党・無所属クラブ,衆,（比）近畿
村岡敏英,むらおかとしひで,国民民主党・無所属クラブ,衆,秋田3
森ようすけ,もりようすけ,国民民主党・無所属クラブ,衆,（比）東京
青木ひとみ,あおきひとみ,参政党,衆,（比）北関東
石川勝,いしかわまさる,参政党,衆,（比）近畿
伊藤恵介,いとうけいすけ,参政党,衆,（比）東海
川裕一郎,かわゆういちろう,参政党,衆,（比）北陸信越
木下敏之,きのしたとしゆき,参政党,衆,（比）九州
工藤聖子,くどうせいこ,参政党,衆,（比）南関東
島村かおる,しまむらかおる,参政党,衆,（比）中国
鈴木美香,すずきみか,参政党,衆,（比）東京
谷浩一郎,たにこういちろう,参政党,衆,（比）近畿
豊田真由子,とよたまゆこ,参政党,衆,（比）北関東
なかやめぐ,なかやめぐ,参政党,衆,（比）南関東
牧野俊一,まきのしゅんいち,参政党,衆,（比）九州
吉川里奈,よしかわりな,参政党,衆,（比）東京
和田政宗,わだまさむね,参政党,衆,（比）東北
渡辺藍理,わたなべあいり,参政党,衆,（比）東海
宇佐美登,うさみのぼる,チームみらい,衆,（比）東京
河合道雄,かわいみちお,チームみらい,衆,（比）南関東
小林修平,こばやししゅうへい,チームみらい,衆,（比）南関東
須田英太郎,すだえいたろう,チームみらい,衆,（比）東海
高山聡史,たかやまさとし,チームみらい,衆,（比）東京
土橋章宏,どばしあきひろ,チームみらい,衆,（比）東京
林拓海,はやしたくみ,チームみらい,衆,（比）東北
古川あおい,ふるかわあおい,チームみらい,衆,（比）九州
峰島侑也,みねしまゆうや,チームみらい,衆,（比）東京
武藤かず子,むとうかずこ,チームみらい,衆,（比）北関東
山田瑛理,やまだえり,チームみらい,衆,（比）南関東
塩川鉄也,しおかわてつや,日本共産党,衆,（比）北関東
辰巳孝太郎,たつみこうたろう,日本共産党,衆,（比）近畿
田村智子,たむらともこ,日本共産党,衆,（比）東京
畑野枝,はたのきみえ,日本共産党,衆,（比）南関東
石井啓一,いしいけいいち,無所属,衆,（比）北関東
緒方林太郎,おがたりんたろう,無所属,衆,福岡9
河村たかし,かわむらたかし,無所属,衆,愛知1
中村はやと,なかむらはやと,無所属,衆,茨城7
森英介,もりえいすけ,無所属,衆,千葉11
山本ジョージ,やまもとじょーじ,無所属,衆,（比）南関東
渡辺真太朗,わたなべしんたろう,無所属,衆,栃木3
青木愛,あおきあい,立憲,参,比例
青木一彦,あおきかずひこ,自民,参,鳥取・島根
青島健太,あおしまけんた,維新,参,比例
赤松健,あかまつけん,自民,参,比例
秋野公造,あきのこうぞう,公明,参,福岡
浅尾慶一郎,あさおけいいちろう,自民,参,神奈川
浅田均,あさだひとし,維新,参,大阪
朝日健太郎,あさひけんたろう,自民,参,東京
阿達雅志,あだちまさし,自民,参,比例
足立康史,あだちやすし,民主,参,比例
安達悠司,あだちゆうじ,参政,参,比例
有村治子,ありむらはるこ,自民,参,比例
安藤裕,あんどうひろし,参政,参,比例
安野貴博,あんのたかひろ,みら,参,比例
生稲晃子[佐山晃子],いくいなあきこ,自民,参,東京
石井準一,いしいじゅんいち,自民,参,千葉
石井浩郎,いしいひろお,自民,参,秋田
石井苗子,いしいみつこ,維新,参,比例
石井めぐみ[根本めぐみ],いしいめぐみ,維新,参,比例
石垣のりこ[小川のり子],いしがきのりこ,立憲,参,宮城
石川博崇,いしかわひろたか,公明,参,大阪
石田昌宏,いしだまさひろ,自民,参,比例
石橋通宏,いしばしみちひろ,立憲,参,比例
泉房穂,いずみふさほ,立憲,参,兵庫
伊勢崎賢治,いせざきけんじ,れ新,参,比例
礒崎哲史,いそざきてつじ,民主,参,比例
磯崎仁彦,いそざきよしひこ,自民,参,香川
伊藤孝江,いとうたかえ,公明,参,兵庫
伊藤孝恵,いとうたかえ,民主,参,愛知
伊藤辰夫,いとうたつお,民主,参,比例
井上義行,いのうえよしゆき,自民,参,比例
猪口邦子,いのぐちくにこ,自民,参,千葉
猪瀬直樹,いのせなおき,維新,参,比例
伊波洋一,いはよういち,沖縄,参,沖縄
今井絵理子,いまいえりこ,自民,参,比例
岩渕友,いわぶちとも,共産,参,比例
岩本剛人,いわもとつよひと,自民,参,北海道
岩本麻奈[富田麻奈],いわもとまな,参政,参,比例
いんどう周作[犬童周作],いんどうしゅうさく,自民,参,比例
上田勇,うえだいさむ,公明,参,比例
上田清司,うえだきよし,民主,参,埼玉
上野ほたる[上野蛍],うえのほたる,維新,参,比例
上野通子,うえのみちこ,自民,参,栃木
牛田茉友[高橋茉友],うしだまゆ,民主,参,東京
臼井正一,うすいしょういち,自民,参,千葉
打越さく良[村木さく良],うちこしさくら,立憲,参,新潟
梅村みずほ,うめむらみずほ,参政,参,比例
江島潔,えじまきよし,自民,参,山口
江原くみ子[江原久美子],えはらくみこ,民主,参,埼玉
大家敏志,おおいえさとし,自民,参,福岡
大島九州男,おおしまくすお,れ新,参,比例
大津力,おおつつとむ,参政,参,埼玉
岡崎太,おかざきふとし,維新,参,大阪
岡田直樹,おかだなおき,自民,参,石川
小川克巳,おがわかつみ,自民,参,比例
奥田ふみよ[遠藤芙美代],おくだふみよ,れ新,参,比例
奥村祥大,おくむらよしひろ,民主,参,東京
小沢雅仁,おざわまさひと,立憲,参,比例
越智俊之,おちとしゆき,自民,参,比例
尾辻朋実[末原朋実],おつじともみ,みら,参,鹿児島
鬼木誠,おにきまこと,立憲,参,比例
小野田紀美,おのだきみ,自民,参,岡山
かごしま彰宏[籠島彰宏],かごしまあきひろ,民主,参,神奈川
梶原大介,かじはらだいすけ,自民,参,比例
加田裕之,かだひろゆき,自民,参,兵庫
嘉田由紀子,かだゆきこ,維新,参,比例
片山さつき,かたやまさつき,自民,参,比例
片山大介,かたやまだいすけ,維新,参,兵庫
勝部賢志,かつべけんじ,立憲,参,北海道
加藤明良,かとうあきよし,自民,参,茨城
金子道仁,かねこみちひと,維新,参,比例
かまやち敏[釜萢敏],かまやちさとし,自民,参,比例
神谷宗幣,かみやそうへい,参政,参,比例
神谷政幸,かみやまさゆき,自民,参,比例
川合孝典,かわいたかのり,民主,参,比例
川村雄大,かわむらゆうだい,公明,参,東京
岸真紀子,きしまきこ,立憲,参,比例
北村経夫,きたむらつねお,自民,参,山口
北村晴男,きたむらはるお,保守,参,比例
木戸口英司,きどぐちえいじ,立憲,参,岩手
木村英子,きむらえいこ,れ新,参,比例
木村義雄,きむらよしお,自民,参,比例
吉良よし子[吉良佳子],きらよしこ,共産,参,東京
串田誠一,くしだせいいち,維新,参,比例
窪田哲也,くぼたてつや,公明,参,比例
熊谷裕人,くまがいひろと,立憲,参,埼玉
見坂茂範,けんざかしげのり,自民,参,比例
小池晃,こいけあきら,共産,参,比例
上月良祐,こうづきりょうすけ,自民,参,茨城
郡山りょう[郡山玲],こおりやまりょう,立憲,参,比例
古賀千景,こがちかげ,立憲,参,比例
古賀友一郎,こがゆういちろう,自民,参,長崎
古賀之士,こがゆきひと,立憲,参,福岡
小島とも子[小島智子],こじまともこ,立憲,参,三重
古庄玄知,こしょうはるとも,自民,参,大分
後藤翔太,ごとうしょうた,参政,参,比例
後藤斎,ごとうひとし,民主,参,山梨
小西洋之,こにしひろゆき,立憲,参,千葉
小林一大,こばやしかずひろ,自民,参,新潟
小林孝一郎,こばやしこういちろう,自民,参,岡山
小林さやか[中山さやか],こばやしさやか,民主,参,千葉
こやり隆史[小鑓隆史],こやりたかし,自民,参,滋賀
齊藤健一郎,さいとうけんいちろう,無所属,参,比例
斎藤嘉隆,さいとうよしたか,立憲,参,愛知
酒井庸行,さかいやすゆき,自民,参,愛知
櫻井祥子,さくらいしょうこ,参政,参,茨城
櫻井充,さくらいみつる,自民,参,宮城
佐々木雅文,ささきまさふみ,公明,参,比例
佐々木りえ[中野理江],ささきりえ,維新,参,大阪
佐藤啓,さとうけい,自民,参,奈良
里見隆治,さとみりゅうじ,公明,参,愛知
塩入清香,しおいりさやか,参政,参,東京
塩村あやか[塩村文夏],しおむらあやか,立憲,参,東京
柴愼一,しばしんいち,立憲,参,比例
柴田巧,しばたたくみ,維新,参,比例
自見はなこ[橋本英子],じみはなこ,自民,参,比例
清水真人,しみずまさと,自民,参,群馬
下野六太,しものろくた,公明,参,福岡
白川容子,しらかわようこ,共産,参,比例
進藤金日子,しんどうかねひこ,自民,参,比例
榛葉賀津也,しんばかづや,民主,参,静岡
末松信介,すえまつしんすけ,自民,参,兵庫
杉久武,すぎひさたけ,公明,参,大阪
杉尾秀哉,すぎおひでや,立憲,参,長野
杉本純子,すぎもとじゅんこ,参政,参,愛知
鈴木大地,すずきだいち,自民,参,東京
鈴木宗男,すずきむねお,自民,参,比例
石平,せきへい,維新,参,比例
関口昌一,せきぐちまさかず,無所属,参,埼玉
大門実紀史,だいもんみきし,共産,参,比例
高木かおり[高木佳保里],たかぎかおり,維新,参,大阪
高木真理,たかぎまり,立憲,参,埼玉
高橋克法,たかはしかつのり,自民,参,栃木
高橋はるみ,たかはしはるみ,自民,参,北海道
高橋光男,たかはしみつお,公明,参,兵庫
高良沙哉[坂本沙哉],たからさちか,沖縄,参,沖縄
滝波宏文,たきなみひろふみ,自民,参,福井
竹内真二,たけうちしんじ,公明,参,比例
竹詰仁,たけづめひとし,民主,参,比例
竹谷とし子[菊地とし子],たけやとしこ,公明,参,東京
田島麻衣子,たじままいこ,立憲,参,愛知
田名部匡代,たなぶまさよ,立憲,参,青森
谷合正明,たにあいまさあき,公明,参,比例
田村まみ[田村麻美],たむらまみ,民主,参,比例
司隆史,つかさたかし,公明,参,比例
辻元清美,つじもときよみ,立憲,参,比例
鶴保庸介,つるほようすけ,自民,参,和歌山
出川桃子,でがわももこ,自民,参,鳥取・島根
寺田静,てらたしずか,自民,参,秋田
天畠大輔,てんばただいすけ,れ新,参,比例
堂込麻紀子,どうごみまきこ,民主,参,茨城
徳永エリ[鈴木エリ],とくながえり,立憲,参,北海道
友納理緒[土肥理緒],とものうりお,自民,参,比例
永井学,ながいまなぶ,自民,参,山梨
ながえ孝子[永江孝子],ながえたかこ,無所属,参,愛媛
中条きよし[下村清],なかじょうきよし,維新,参,比例
中曽根弘文,なかそねひろふみ,自民,参,群馬
中田優子,なかだゆうこ,参政,参,福岡
中西祐介,なかにしゆうすけ,自民,参,徳島・高知
長浜博行,ながはまひろゆき,立憲,参,千葉
新実彰平,にいみしょうへい,維新,参,京都
西田昌司,にしだしょうじ,自民,参,京都
西田英範,にしたひでのり,自民,参,広島
西田実仁,にしだまこと,公明,参,埼玉
仁比聡平,にひそうへい,共産,参,比例
庭田幸恵,にわたゆきえ,民主,参,富山
野上浩太郎,のがみこうたろう,自民,参,富山
野村哲郎,のむらてつろう,自民,参,鹿児島
芳賀道也,はがみちや,民主,参,山形
初鹿野裕樹,はじかのひろき,参政,参,神奈川
橋本聖子[石崎聖子],はしもとせいこ,自民,参,比例
長谷川岳,はせがわがく,自民,参,北海道
長谷川英晴,はせがわひではる,自民,参,比例
羽田次郎,はたじろう,立憲,参,長野
馬場成志,ばばせいし,自民,参,熊本
浜口誠,はまぐちまこと,民主,参,比例
浜野喜史,はまのよしふみ,民主,参,比例
原田大二郎,はらだだいじろう,公明,参,比例
原田秀一,はらだひでかず,民主,参,香川
東野秀樹,ひがしのひでき,自民,参,比例
百田尚樹,ひゃくたなおき,保守,参,比例
平木大作,ひらきだいさく,公明,参,比例
平戸航太,ひらどこうた,民主,参,比例
平山佐知子,ひらやまさちこ,無所属,参,静岡
広田一,ひろたはじめ,立憲,参,徳島・高知
福岡資麿,ふくおかたかまろ,自民,参,佐賀
福士珠美,ふくしますみ,立憲,参,青森
福島みずほ[福島瑞穂],ふくしまみずほ,社民,参,比例
福山哲郎,ふくやまてつろう,無所属,参,京都
福山守,ふくやままもる,自民,参,比例
藤井一博,ふじいかずひろ,自民,参,比例
藤川政人,ふじかわまさひと,自民,参,愛知
藤木眞也,ふじきしんや,自民,参,比例
船橋利実,ふなはしとしみつ,自民,参,北海道
舟山康江,ふなやまやすえ,民主,参,山形
古川俊治,ふるかわとしはる,自民,参,埼玉
星北斗,ほしほくと,自民,参,福島
堀井巌,ほりいいわお,自民,参,奈良
本田顕子,ほんだあきこ,自民,参,比例
舞立昇治,まいたちしょうじ,自民,参,比例
牧野たかお[牧野京夫],まきのたかお,自民,参,静岡
牧山ひろえ[牧山弘惠],まきやまひろえ,立憲,参,神奈川
松川るい[新居るい],まつかわるい,自民,参,大阪
松沢成文,まつざわしげふみ,維新,参,神奈川
松下新平,まつしたしんぺい,自民,参,宮崎
松田学,まつだまなぶ,参政,参,比例
松野明美[前田明美],まつのあけみ,維新,参,比例
松村祥史,まつむらよしふみ,自民,参,熊本
松山政司,まつやままさじ,自民,参,福岡
三浦信祐,みうらのぶひろ,公明,参,神奈川
三上えり[川堀絵里],みかみえり,立憲,参,広島
水岡俊一,みずおかしゅんいち,立憲,参,比例
水野孝一,みずのこういち,民主,参,愛知
三原じゅん子[中根順子],みはらじゅんこ,自民,参,神奈川
宮崎勝,みやざきまさる,公明,参,比例
宮沢洋一,みやざわよういち,自民,参,広島
宮出千慧[高森千慧],みやでちさと,参政,参,大阪
宮本和宏,みやもとかずひろ,自民,参,滋賀
宮本周司,みやもとしゅうじ,自民,参,石川
村田享子,むらたきょうこ,立憲,参,比例
望月良男,もちづきよしお,無所属,参,和歌山
森まさこ[三好雅子],もりまさこ,自民,参,福島
森ゆうこ[森裕子],もりゆうこ,立憲,参,比例
森本真治,もりもとしんじ,立憲,参,広島
山内佳菜子,やまうちかなこ,立憲,参,宮崎
山崎正昭,やまざきまさあき,自民,参,福井
山下雄平,やましたゆうへい,自民,参,佐賀
山添拓,やまぞえたく,共産,参,東京
山田太郎,やまだたろう,自民,参,比例
山田宏,やまだひろし,自民,参,比例
山田吉彦,やまだよしひこ,民主,参,比例
山谷えり子[小川惠里子],やまたにえりこ,自民,参,比例
山中泉,やまなかせん,参政,参,比例
山本啓介,やまもとけいすけ,自民,参,長崎
山本佐知子,やまもとさちこ,自民,参,三重
山本順三,やまもとじゅんぞう,自民,参,愛媛
横沢高徳,よこさわたかのり,立憲,参,岩手
横山信一,よこやましんいち,公明,参,比例
吉井章,よしいあきら,自民,参,京都
吉川沙織,よしかわさおり,立憲,参,比例
吉田忠智,よしだただとも,立憲,参,大分
ラサール石井[石井朗夫],らさーるいしい,社民,参,比例
蓮舫[齊藤蓮舫],れんほう,立憲,参,比例
若井敦子,わかいあつこ,自民,参,岐阜
若林洋平,わかばやしようへい,自民,参,静岡
脇雅昭,わきまさあき,自民,参,神奈川
渡辺猛之,わたなべたけゆき,自民,参,岐阜
